nom,ville,age,salaire,depenses
0,930,-1.2746736361042466,-1.5240223556977168,-1.0326859664169952
1,998,1.034238879481274,0.014101153110802768,-1.7901404993627141
2,998,-0.864200300000154,-0.17698023415889017,-0.619528948446603
3,976,1.1368572135072972,-1.5063840737958991,-1.6524214933725834
4,998,0.8803113784422393,1.8021003221950747,0.41336359647937737
5,949,0.2132922072730889,0.30578607419086395,0.8265206144497695
6,998,-1.5312194711693043,0.09053370801867994,0.0002065785089852039
7,998,-0.7615819659741309,-1.1941211571637171,0.20678508749418129
8,999,1.4960213825983781,-1.1346736144575904,-1.2392644754021913
9,998,1.3420938815593435,-1.118668506805941,-0.20637193047621089
10,991,0.46983804233814674,-1.1405530417581964,-1.376983481392322
11,998,-0.4024177968830499,-1.0500751882988717,-0.13751242748114553
12,998,-1.223364469091235,-1.1666838297608895,-1.2392644754021913
13,998,1.2394755475333203,0.7549089929871508,-0.7572479544367338
14,926,-0.0945627948049805,-0.0077833818414526626,-0.3440909364663416
15,946,-0.5563452979220846,-0.1420303052052882,0.5510826024695081
16,999,-0.5563452979220846,0.06276974576581858,0.27564459048924667
17,991,-1.4799103041562929,-0.20115121306138123,-1.0326859664169952
18,998,-0.6589636319481077,0.7016675124316637,0.20678508749418129
19,998,-0.14587196181799206,0.31133886664143623,0.0002065785089852039
20,998,1.5473305496113896,-1.0745728020513965,-1.0326859664169952
21,998,-0.6076544649350962,-0.3033879211219178,-1.3081239783972567
22,985,-0.864200300000154,0.3119921363415035,-0.27523143347127627
23,949,-1.325982803117258,0.22837361473288578,1.0330991234349656
24,998,0.6750747103901931,0.8483265600967784,-0.13751242748114553
25,994,0.8290022114292277,-0.3549962274272366,-0.9638264634219299
26,998,-0.0945627948049805,1.2135043224344138,0.8953801174448349
27,994,0.6750747103901931,0.17088588112696107,0.06906608150405057
28,998,-1.120746135065212,-0.3360514061252841,-0.27523143347127627
29,985,1.2907847145463318,-1.077839150551733,-0.41295043946140697
30,988,0.9316205454552509,1.3245601714458592,2.9611652072967956
31,998,0.2646013742861005,-0.23120161926447824,-1.5835619903775182
32,988,0.9829297124682624,0.4903347644598836,0.7576611114547042
33,998,1.6499488836374128,-0.8380891706270244,-0.41295043946140697
34,957,1.034238879481274,0.8450602115964417,-0.13751242748114553
35,991,-0.0945627948049805,-0.7629631551192818,-0.48180994245647235
36,988,1.4447122155853664,-0.2782370376693257,0.20678508749418129
37,991,-0.3511086298700383,-0.9350997210870223,-0.41295043946140697
38,976,1.034238879481274,0.3733994881478322,0.6199421054645735
39,991,0.8803113784422393,-1.053668171649242,-0.7572479544367338
40,991,-1.3772919701302697,1.5375260936678077,1.2396776324201617
41,930,-1.1720553020782234,-0.591153224001575,-0.8261074574317991
42,998,1.4960213825983781,-1.6278922380084218,-2.203297517333106
43,985,-0.6589636319481077,-2.9265924017422664,-2.6164545353034985
44,998,0.8803113784422393,-0.34225746827592374,-0.619528948446603
45,998,1.4447122155853664,0.12025747937174329,-0.27523143347127627
46,998,0.16198304026007734,-0.15738214315687038,0.27564459048924667
47,992,1.0855480464942855,-0.6345956590560522,-1.4458429843873875
48,992,-0.7615819659741309,-2.498700748198168,-2.203297517333106
49,998,-0.8128911329871424,0.2538511330355115,-0.13751242748114553
50,930,1.1881663805203087,-0.24688009206609407,0.06906608150405057
51,855,0.8290022114292277,-1.6974654610655922,-0.8949669604268645
52,998,-1.120746135065212,-2.0779950613548097,-1.6524214933725834
53,946,1.2394755475333203,-1.0611807732000162,-0.9638264634219299
54,998,-0.2484902958440152,1.4385557341076076,1.85941315937575
55,998,0.31591054129911206,-1.6040478939559644,0.20678508749418129
56,998,0.31591054129911206,-0.7600234414689788,0.41336359647937737
57,998,0.31591054129911206,0.12352382787207991,-0.20637193047621089
58,998,1.3420938815593435,-0.7022090730130205,-1.5147024873824528
59,998,-0.19718112883100364,0.15684058257551356,-0.7572479544367338
60,998,0.16198304026007734,0.9910659895614892,1.308537135415227
61,985,1.1881663805203087,1.4584804599596612,1.1708181294250963
62,998,0.8290022114292277,0.9809403092104456,1.1708181294250963
63,953,0.8290022114292277,1.6489085775292867,0.8953801174448349
64,998,-0.9668186340261772,-0.2962019544211772,-0.27523143347127627
65,946,-0.8128911329871424,1.6822253322327203,1.5839751473954886
66,998,-1.4286011371432812,-0.6107513150035948,-0.7572479544367338
67,991,-0.5050361309090731,-0.31808648937343265,-1.170404972407126
68,998,0.41852887532513516,-1.0210046866458757,-0.27523143347127627
69,992,0.2646013742861005,1.5512447573692214,-0.13751242748114553
70,998,-0.2997994628570268,0.014101153110802768,-0.20637193047621089
71,991,-1.1720553020782234,-0.17371388565855353,-0.20637193047621089
72,998,-0.9668186340261772,0.8581256055977883,0.27564459048924667
73,998,-0.5050361309090731,-1.6145002091570415,-0.27523143347127627
74,998,1.752567217663436,0.28520807863874315,-0.7572479544367338
75,998,0.46983804233814674,0.6863156744800815,2.1348511713560114
76,994,1.3420938815593435,-0.13027145060407633,0.06906608150405057
77,985,1.2394755475333203,-1.3554787730803468,0.20678508749418129
78,998,-0.7615819659741309,0.8346078963953646,0.0002065785089852039
79,998,-1.4799103041562929,0.45113858245584404,0.5510826024695081
80,999,0.41852887532513516,1.6737328261318452,1.0330991234349656
81,998,1.5473305496113896,0.14116210977389773,-0.27523143347127627
82,998,-0.0945627948049805,0.7179992549333468,0.6888016084596388
83,998,1.6499488836374128,1.1383783069266713,2.4791486863313383
84,988,0.008055539221042636,-0.4869567068408365,-0.13751242748114553
85,992,0.7263838774032045,0.30643934389093125,1.0330991234349656
86,998,0.8290022114292277,0.8277485645446576,0.20678508749418129
87,998,1.5473305496113896,2.0389105884694807,2.616867692321469
88,999,-0.2997994628570268,-1.2450761937689685,-1.5835619903775182
89,994,0.11067387324706578,-0.4928361341414424,-0.3440909364663416
90,946,-1.0181278010391888,1.7488588416395876,-0.13751242748114553
91,998,1.034238879481274,0.4109624959017035,0.41336359647937737
92,991,-1.582528638182316,0.23457967688352538,-0.27523143347127627
93,855,-1.582528638182316,-1.2421364801186656,-1.0326859664169952
94,988,1.1368572135072972,-0.25733240726717127,-0.13751242748114553
95,946,-0.4024177968830499,0.4452591551552381,-0.41295043946140697
96,998,0.11067387324706578,0.3727462184477649,-0.27523143347127627
97,998,-0.8128911329871424,0.05917676241544828,-0.3440909364663416
98,855,1.4447122155853664,-1.0360298897474243,-0.48180994245647235
99,994,1.4960213825983781,0.27181604978736296,0.5510826024695081
100,998,0.8290022114292277,-1.6876664155645822,-0.6883884514416684
101,998,-1.3772919701302697,-0.04665292899545857,-0.48180994245647235
102,985,-0.6589636319481077,0.11731776572144031,1.101958626430031
103,926,-0.2484902958440152,2.0960716872253715,1.3773966384102925
104,988,1.752567217663436,-0.65223394095787,0.5510826024695081
105,957,0.7263838774032045,0.6154359120227766,0.06906608150405057
106,994,0.8803113784422393,0.6454863182258737,1.3773966384102925
107,998,-0.5563452979220846,0.3727462184477649,0.6888016084596388
108,998,1.5473305496113896,-0.06069822754690609,0.9642396204399003
109,994,-1.4799103041562929,0.7496828353866122,1.5151156444004232
110,988,0.31591054129911206,0.2541777678855452,-0.27523143347127627
111,998,-0.864200300000154,1.0168701427141487,0.8953801174448349
112,957,0.9316205454552509,0.4178218277524104,-1.5147024873824528
113,998,0.3672197083121236,-0.16652791895781294,0.344504093484312
114,988,0.2646013742861005,-0.6460278788072304,-0.06865292448608015
115,988,-1.5312194711693043,0.8460401161465427,-0.7572479544367338
116,998,-0.4537269638960615,1.2543336786886217,0.27564459048924667
117,930,1.6499488836374128,0.029452991062384935,-0.41295043946140697
118,957,-0.4537269638960615,-0.03456743954421304,-1.1015454694120606
119,998,-0.2484902958440152,0.07942812311753539,-0.27523143347127627
120,998,-0.5050361309090731,0.3097056923912679,-0.27523143347127627
121,998,0.9316205454552509,-0.6515806712578027,0.20678508749418129
122,985,-0.8128911329871424,-1.3871623535336122,-1.3081239783972567
123,988,-1.1720553020782234,0.6886021184303172,-0.8949669604268645
124,998,1.4447122155853664,0.5546818299165153,0.48222309947444275
125,976,-0.19718112883100364,0.6396068909252677,0.6888016084596388
126,985,-0.4537269638960615,-0.37100133507888605,-0.20637193047621089
127,985,0.2646013742861005,-0.26484500881794554,1.1708181294250963
128,998,-1.223364469091235,-0.18939235846016936,-0.3440909364663416
129,977,0.9829297124682624,0.946643649956911,-0.06865292448608015
130,994,0.008055539221042636,0.12483036727221457,0.06906608150405057
131,998,0.0593647062340542,0.37503266239800054,-0.9638264634219299
132,998,-0.6076544649350962,0.1947302251794185,0.6199421054645735
133,998,-1.0181278010391888,-0.35956911532770786,0.344504093484312
134,998,-0.19718112883100364,0.24470535723456893,-1.170404972407126
135,999,0.31591054129911206,0.3573943804961827,-0.619528948446603
136,988,1.2394755475333203,-0.07115054274798331,0.20678508749418129
137,999,-1.0181278010391888,-0.03522070924428036,0.06906608150405057
138,998,-0.5050361309090731,1.1102877098237762,0.48222309947444275
139,949,-0.6076544649350962,-0.7348725580163868,-0.7572479544367338
140,984,-0.864200300000154,-0.8377625357769907,-1.376983481392322
141,998,-0.8128911329871424,0.23196659808325606,-0.619528948446603
142,998,-0.14587196181799206,1.2213435588352217,1.0330991234349656
143,998,1.3420938815593435,-0.37982047602979496,-0.13751242748114553
144,992,-0.0945627948049805,-0.2743174194689218,-0.41295043946140697
145,998,-0.9155094670131656,0.19342368577928382,1.5151156444004232
146,998,-1.0694369680522002,1.1413180205769742,2.203710674351077
147,998,-0.9668186340261772,-0.23806095111518516,0.6888016084596388
148,949,-0.8128911329871424,-0.4755244870896583,-0.20637193047621089
149,948,1.5986397166244013,-0.20082457821134758,-0.7572479544367338
150,998,-1.0694369680522002,1.1142073280241802,1.1708181294250963
151,926,-1.1720553020782234,0.09739303986938687,0.06906608150405057
152,985,0.8290022114292277,-0.18351293115956344,0.6888016084596388
153,998,-0.9668186340261772,-1.0582410595497134,-0.8949669604268645
154,998,0.5211472093511583,-0.03162772589391007,-0.27523143347127627
155,988,0.16198304026007734,0.6301344802742914,0.06906608150405057
156,991,-1.120746135065212,-0.469971694639086,-1.376983481392322
157,994,-0.2484902958440152,-2.408222894738843,-1.376983481392322
158,948,0.5211472093511583,-0.42783579898474344,-1.7212809963676488
159,943,-1.4286011371432812,-1.386182448983511,-1.0326859664169952
160,968,-0.04325362779196893,-1.6977920959156256,-1.170404972407126
161,992,0.16198304026007734,1.5156415587155523,0.9642396204399003
162,984,0.9829297124682624,-1.0641204868503191,-0.7572479544367338
163,994,0.0593647062340542,0.9508899030073487,-0.20637193047621089
164,994,-1.4799103041562929,-0.3657751774783475,-0.13751242748114553
165,998,-0.864200300000154,0.45505820065624797,0.9642396204399003
166,998,-0.2997994628570268,0.5099328554619034,-0.9638264634219299
167,976,-0.7615819659741309,-1.5579923801012179,-2.8230330442886946
168,949,-1.223364469091235,0.36360044264682234,0.6888016084596388
169,998,1.2907847145463318,0.9048343891526022,0.6199421054645735
170,930,1.1881663805203087,-0.3425841031259574,0.27564459048924667
171,998,1.6499488836374128,0.7065670351821686,0.0002065785089852039
172,999,-0.14587196181799206,-0.13484433850454763,0.0002065785089852039
173,998,0.11067387324706578,-1.6863598761644476,-0.5506694454515377
174,998,0.9316205454552509,1.5267471436166968,1.2396776324201617
175,998,0.9829297124682624,0.7467431217363092,1.0330991234349656
176,998,-1.4286011371432812,1.2010921981331346,0.13792558449911593
177,998,1.1881663805203087,-0.29685522412124454,0.5510826024695081
178,953,0.5211472093511583,-0.3801471108798286,-0.06865292448608015
179,998,1.752567217663436,-0.87336573443066,-1.1015454694120606
180,943,-1.0694369680522002,2.1156697782273914,2.3414296803412076
181,998,0.2646013742861005,0.41749519290237674,-0.20637193047621089
182,977,1.4960213825983781,0.22053437833207787,0.5510826024695081
183,998,-1.6338378051953275,0.03729222746319285,0.13792558449911593
184,953,-0.19718112883100364,-0.709395039713761,0.5510826024695081
185,930,1.4960213825983781,0.2015895570301254,0.06906608150405057
186,968,0.11067387324706578,-1.0020598653439232,-0.3440909364663416
187,998,-0.4024177968830499,-0.11883923085289813,1.7905536563806845
188,998,1.6499488836374128,-0.2570057724171376,-1.1015454694120606
189,991,0.5724563763641699,-0.8230639675254758,-0.06865292448608015
190,998,-0.6076544649350962,-0.11393970810239318,-0.619528948446603
191,994,-0.9155094670131656,-1.3045237364750952,-1.4458429843873875
192,976,-1.582528638182316,-0.4196699277339019,-0.41295043946140697
193,998,0.008055539221042636,-0.14072376580515356,-0.5506694454515377
194,998,0.2646013742861005,-1.382262830783107,-0.27523143347127627
195,991,-1.582528638182316,-0.1243920233034704,0.41336359647937737
196,998,-0.4537269638960615,-1.2832924712229072,-1.4458429843873875
197,998,-1.223364469091235,1.331419503296566,-0.27523143347127627
198,994,-0.7615819659741309,1.3428517230477444,0.20678508749418129
199,998,-0.6076544649350962,-0.257659042117205,-0.8949669604268645
200,998,1.2907847145463318,0.23359977233342438,0.8265206144497695
201,946,-0.7102727989611193,-0.9066824891340935,-0.9638264634219299
202,946,-1.5312194711693043,-0.287709448320302,0.13792558449911593
203,998,-0.7615819659741309,-0.052858991146098176,-1.1015454694120606
204,992,-0.8128911329871424,-0.2681113573182822,-1.1015454694120606
205,998,-1.3772919701302697,0.8025976810920655,-0.27523143347127627
206,998,-1.2746736361042466,-1.778797538723974,-0.8949669604268645
207,926,-0.3511086298700383,0.1865643539285769,0.6888016084596388
208,994,-0.7102727989611193,-0.04991927749579521,0.13792558449911593
209,999,-0.4024177968830499,0.46845022950762816,0.344504093484312
210,985,0.9316205454552509,0.44754559910547376,0.8953801174448349
211,998,-1.223364469091235,-0.2782370376693257,0.41336359647937737
212,985,0.8803113784422393,-1.388142258083713,-0.9638264634219299
213,998,0.7776930444162161,-1.0249243048462797,0.20678508749418129
214,998,1.393403048572355,0.9293320029051269,1.5151156444004232
215,968,0.8290022114292277,-1.1941211571637171,-0.619528948446603
216,998,-1.0694369680522002,0.8372209751956339,-0.3440909364663416
217,976,0.11067387324706578,0.9489300939071467,1.101958626430031
218,999,1.6499488836374128,1.7413462400888133,1.7216941533856192
219,998,-0.8128911329871424,0.5543551950664816,-0.41295043946140697
220,998,-0.864200300000154,-0.9720094591408263,-1.1015454694120606
221,998,-1.0694369680522002,-0.06788419424764668,-0.5506694454515377
222,968,1.4447122155853664,-0.1995180388112129,-0.06865292448608015
223,991,0.9316205454552509,-0.8485414858281015,-0.619528948446603
224,968,0.2132922072730889,-1.5975151969552912,-1.2392644754021913
225,998,-0.2997994628570268,0.8607386843980576,1.4462561414053579
226,943,1.4960213825983781,-0.5908265891515414,0.7576611114547042
227,991,1.6499488836374128,0.177745212977668,0.41336359647937737
228,998,-0.2484902958440152,-0.964496857590052,-0.9638264634219299
229,953,-1.3772919701302697,-0.12994481575404268,-0.20637193047621089
230,998,-0.4024177968830499,-0.12275884905330209,0.0002065785089852039
231,998,0.3672197083121236,-1.808194675227004,-1.1015454694120606
232,998,0.2646013742861005,0.0023422985095908947,-0.13751242748114553
233,918,-0.19718112883100364,1.1115942492239108,2.8234462013066652
234,985,-1.6338378051953275,0.115684591471272,-0.48180994245647235
235,977,-0.9155094670131656,-0.24949317086636338,-0.5506694454515377
236,998,0.31591054129911206,1.8762464331527162,1.7216941533856192
237,855,1.0855480464942855,0.8940554391014912,0.8265206144497695
238,949,0.7263838774032045,-1.1059297476546281,-0.06865292448608015
239,998,-1.6338378051953275,0.31623838939194115,-0.20637193047621089
240,998,-1.582528638182316,-0.022808584943001167,0.344504093484312
241,998,1.4960213825983781,2.2669017137929774,1.0330991234349656
242,949,0.008055539221042636,0.23457967688352538,0.20678508749418129
243,949,-0.6589636319481077,2.110116985776819,1.85941315937575
244,998,-0.6589636319481077,1.9464729259099538,1.7905536563806845
245,994,1.1881663805203087,1.2282028906859286,-0.06865292448608015
246,999,-0.8128911329871424,0.423047985352949,0.6199421054645735
247,998,-0.6589636319481077,0.6562652682769845,-0.6883884514416684
248,992,-0.8128911329871424,0.5514154814161786,0.0002065785089852039
249,998,0.9316205454552509,1.869713736152043,0.5510826024695081
250,998,-0.14587196181799206,-0.15770877800690403,-0.27523143347127627
251,930,0.46983804233814674,0.7176726200833131,-0.20637193047621089
252,991,-1.223364469091235,1.2108912436341446,-0.06865292448608015
253,998,-1.223364469091235,0.24470535723456893,-0.3440909364663416
254,998,-1.5312194711693043,0.29892674234015704,0.20678508749418129
255,988,-1.1720553020782234,-1.2081664557151646,-1.1015454694120606
256,930,-1.2746736361042466,1.2432280937874771,-1.170404972407126
257,998,0.6237655433771815,-0.2341413329147812,-0.48180994245647235
258,999,1.1368572135072972,1.4555407463093581,1.1708181294250963
259,998,-0.19718112883100364,-0.41640357923356525,1.2396776324201617
260,998,-1.6338378051953275,1.4754654721614116,0.13792558449911593
261,998,-0.14587196181799206,-0.5277860630950444,-0.9638264634219299
262,984,1.2907847145463318,1.402299265753871,0.9642396204399003
263,988,0.2646013742861005,0.16957934172682643,1.3773966384102925
264,984,-0.5050361309090731,0.6680241228781963,0.9642396204399003
265,998,-0.19718112883100364,-0.8687928465301887,-1.5835619903775182
266,998,-1.0694369680522002,-1.5370877496990634,-1.2392644754021913
267,998,1.1368572135072972,-0.2279352707641416,0.20678508749418129
268,992,0.2132922072730889,0.5275711373637212,-0.8949669604268645
269,998,1.3420938815593435,1.5401391724680769,-0.13751242748114553
270,998,-1.120746135065212,-0.3775340320795593,-0.8261074574317991
271,998,-0.04325362779196893,1.230815969486198,0.7576611114547042
272,998,0.008055539221042636,0.2577707512359155,1.7905536563806845
273,998,-1.4799103041562929,0.9247591150046556,-0.13751242748114553
274,998,-1.4286011371432812,-0.649294227307567,-0.8949669604268645
275,855,-1.3772919701302697,0.3717663138976639,1.6528346503905538
276,855,0.9829297124682624,-0.17338725080851988,-0.619528948446603
277,948,-1.120746135065212,1.3203139183954216,0.6888016084596388
278,998,1.5473305496113896,-0.023788489493102156,0.20678508749418129
279,998,1.6499488836374128,-0.6466811485072977,-1.927859505352845
280,943,-0.14587196181799206,-1.5641984422518576,-0.7572479544367338
281,994,0.5211472093511583,-0.044366485045222934,0.0002065785089852039
282,855,0.7263838774032045,0.8104369174928735,-0.13751242748114553
283,999,-1.3772919701302697,0.8738040783994041,-0.06865292448608015
284,998,1.4960213825983781,1.3555904821990572,1.5839751473954886
285,998,-0.04325362779196893,-1.315302686526206,0.5510826024695081
286,998,1.7012580506504245,1.1788810283308455,1.5839751473954886
287,998,-0.2484902958440152,1.2089314345339426,1.1708181294250963
288,926,-0.6589636319481077,-0.7734154703203591,-1.1015454694120606
289,998,-0.864200300000154,1.2941831303927285,0.344504093484312
290,991,-1.4799103041562929,-0.1446433840055575,0.344504093484312
291,949,1.4447122155853664,0.9090806422030397,0.41336359647937737
292,994,-0.7615819659741309,-1.2323374346176557,-1.3081239783972567
293,998,-1.1720553020782234,-1.4044740005853962,-0.13751242748114553
294,998,-0.8128911329871424,-0.20278438731154955,0.06906608150405057
295,998,1.752567217663436,0.2531978633354442,1.7905536563806845
296,998,-0.19718112883100364,0.8953619785016259,0.6199421054645735
297,946,-0.9668186340261772,-1.549173239150309,-1.3081239783972567
298,991,0.008055539221042636,-1.1317339008072875,-0.7572479544367338
299,988,-1.1720553020782234,0.39103777004965,0.41336359647937737
300,998,1.5473305496113896,-2.394504231037429,-1.7212809963676488
301,985,-0.9155094670131656,-1.1493721827091052,-1.7212809963676488
302,998,1.2907847145463318,1.4143847552051165,1.9971321653658807
303,998,0.8803113784422393,-0.191678802410405,1.101958626430031
304,998,-0.5563452979220846,-0.4291423383848781,-0.20637193047621089
305,991,0.31591054129911206,-0.3726345093290544,0.0002065785089852039
306,977,0.7776930444162161,-0.3001215726215812,-0.20637193047621089
307,992,-0.5050361309090731,-2.0260601201994572,-1.1015454694120606
308,998,-0.6076544649350962,-1.0513817276990063,-1.4458429843873875
309,998,-0.7102727989611193,-0.16097512650724066,-0.5506694454515377
310,949,-1.3772919701302697,0.06668936396622253,-1.0326859664169952
311,998,0.31591054129911206,0.7843061294901804,0.27564459048924667
312,948,-1.325982803117258,0.9094072770530734,0.6888016084596388
313,992,0.46983804233814674,-0.688163774461573,-1.2392644754021913
314,948,0.41852887532513516,0.24993151483510756,1.7216941533856192
315,930,-0.6589636319481077,-0.1518293507062981,-0.8949669604268645
316,998,-0.5563452979220846,-0.6528872106579373,0.6888016084596388
317,992,-0.0945627948049805,-0.317759854523399,-0.3440909364663416
318,998,-1.582528638182316,-0.5157005736437988,-0.9638264634219299
319,949,-1.4799103041562929,0.43415357025409357,0.13792558449911593
320,976,-1.582528638182316,-1.0030397698940243,-1.7212809963676488
321,957,-1.0694369680522002,1.175614679830509,0.9642396204399003
322,994,0.3672197083121236,-0.11622615205262882,0.344504093484312
323,992,1.2394755475333203,0.9992318608123307,1.7216941533856192
324,998,1.3420938815593435,0.4459124248553054,0.0002065785089852039
325,976,0.7263838774032045,0.08334774131793934,-1.0326859664169952
326,999,-1.2746736361042466,-0.11524624750252783,-0.48180994245647235
327,998,0.5211472093511583,-0.29326224077087426,-0.6883884514416684
328,994,-1.1720553020782234,1.484611247962354,0.27564459048924667
329,998,1.1881663805203087,-0.008110016691486326,0.6888016084596388
330,977,-0.6589636319481077,-0.46245909308831173,1.1708181294250963
331,999,-1.4799103041562929,0.5180987267127449,-0.27523143347127627
332,930,-1.2746736361042466,0.731391283784727,0.27564459048924667
333,976,-0.3511086298700383,-1.1062563825046619,-0.41295043946140697
334,998,-1.223364469091235,-0.6264297878052106,-0.8949669604268645
335,998,0.7263838774032045,1.44410852655818,1.5839751473954886
336,998,-0.3511086298700383,0.5494556723159767,0.27564459048924667
337,998,1.1368572135072972,1.322926997195691,0.20678508749418129
338,998,0.2646013742861005,-0.03162772589391007,0.5510826024695081
339,998,-0.864200300000154,0.2140016813314046,0.20678508749418129
340,998,-1.1720553020782234,0.9286787332050596,-0.6883884514416684
341,998,1.6499488836374128,-1.1510053569592735,-2.4787355293133677
342,998,-1.6338378051953275,-0.9445721317379985,-1.0326859664169952
343,994,0.9316205454552509,-0.312860331772894,0.48222309947444275
344,998,1.1881663805203087,-0.043059945645088284,-0.6883884514416684
345,998,-1.2746736361042466,-2.1482215541120473,-1.5147024873824528
346,957,-1.0694369680522002,-1.1686436388610915,-1.4458429843873875
347,998,1.034238879481274,0.7300847443845924,1.85941315937575
348,984,0.3672197083121236,0.23066005868312142,-0.06865292448608015
349,998,1.4960213825983781,-1.166030560060822,-2.6164545353034985
350,998,0.8290022114292277,-0.23022171471437725,-0.3440909364663416
351,926,0.3672197083121236,-0.9210544225355748,-0.48180994245647235
352,998,-1.120746135065212,0.3106855969413689,-0.20637193047621089
353,991,-1.1720553020782234,0.15553404317537892,0.13792558449911593
354,998,-0.5050361309090731,-1.4188459339868773,-0.9638264634219299
355,946,1.0855480464942855,-1.0308037321468857,-0.8261074574317991
356,998,0.31591054129911206,0.30578607419086395,0.9642396204399003
357,998,1.5473305496113896,0.15749385227558088,0.20678508749418129
358,988,1.6499488836374128,0.5478224980658083,1.308537135415227
359,949,1.0855480464942855,0.6425466045755707,0.5510826024695081
360,943,0.3672197083121236,0.5082996812117351,0.41336359647937737
361,998,-0.6589636319481077,1.7384065264385105,1.4462561414053579
362,998,-1.5312194711693043,-0.46343899763841273,-0.6883884514416684
363,977,0.16198304026007734,0.3253841651928837,0.9642396204399003
364,998,0.41852887532513516,0.12581027182231555,0.48222309947444275
365,918,1.1881663805203087,-0.6163041074541671,-0.7572479544367338
366,998,0.31591054129911206,-0.7436916989672957,-0.619528948446603
687,991,0.5724563763641699,0.360007459296452,-0.7572479544367338
368,998,-1.4286011371432812,-0.004190398491082368,0.06906608150405057
369,998,0.9316205454552509,0.3061127090408976,0.41336359647937737
370,998,1.4447122155853664,-0.32167947272380293,1.1708181294250963
371,998,0.008055539221042636,-0.17698023415889017,-0.7572479544367338
372,930,0.7776930444162161,1.2824242757915167,0.5510826024695081
373,998,0.7776930444162161,-1.1973875056640537,0.6888016084596388
374,991,-1.325982803117258,-0.23838758596521883,-1.170404972407126
375,998,-1.4799103041562929,-1.853596919381683,-0.5506694454515377
376,991,0.16198304026007734,0.4602843582567866,0.344504093484312
377,998,-1.223364469091235,-0.1083869156518209,0.06906608150405057
378,998,0.31591054129911206,1.5616970725702988,-0.13751242748114553
379,998,-1.582528638182316,-2.6349074806622053,-2.2721570203281716
380,998,0.5724563763641699,-0.7338926534662858,-0.619528948446603
381,998,-0.14587196181799206,0.03827213201329384,0.6888016084596388
382,998,-1.4799103041562929,0.09151361256878093,-0.20637193047621089
383,976,1.2394755475333203,-0.8139181917245333,-0.27523143347127627
384,998,0.008055539221042636,0.389077960949448,1.3773966384102925
385,988,-0.19718112883100364,0.13201633397295515,0.6199421054645735
386,926,-0.14587196181799206,1.7070495808352788,1.7216941533856192
387,948,-0.2484902958440152,-0.34813689557652966,0.0002065785089852039
388,998,0.008055539221042636,-0.09140190345007042,-0.20637193047621089
389,988,1.7012580506504245,-1.151658626659341,0.13792558449911593
390,953,-1.6338378051953275,1.519561176915956,0.41336359647937737
391,998,1.7012580506504245,0.24535862693463625,-0.41295043946140697
392,991,0.11067387324706578,0.8431004024962397,0.8953801174448349
393,998,0.2132922072730889,0.548149132915842,-0.06865292448608015
394,998,0.16198304026007734,1.3738820338009423,0.48222309947444275
395,999,1.1881663805203087,-0.9938939940930817,-0.9638264634219299
396,918,-1.3772919701302697,1.263806089339598,1.6528346503905538
397,998,-1.120746135065212,1.4375758295575067,0.13792558449911593
398,984,-0.04325362779196893,-0.31971966362360094,-0.3440909364663416
399,998,0.3672197083121236,1.5969736363739344,0.8953801174448349
400,998,0.7776930444162161,-0.9854014879922064,-1.376983481392322
401,994,-0.4537269638960615,-1.1075629219047964,-1.0326859664169952
402,998,0.8803113784422393,-0.5516304071475018,-1.3081239783972567
403,999,0.0593647062340542,-0.6045452528529552,0.5510826024695081
404,998,-0.2484902958440152,0.700360973031529,1.2396776324201617
405,949,1.4447122155853664,-0.716254371564468,1.4462561414053579
406,998,-0.6589636319481077,-0.05155245174596352,-0.6883884514416684
407,977,0.11067387324706578,-0.7554505535685075,-2.134438014338041
408,998,-0.5563452979220846,0.04643800326413542,-1.0326859664169952
409,998,0.008055539221042636,-0.5545701207978048,-1.1015454694120606
410,988,-0.2484902958440152,2.427932694859573,2.410289183336273
411,985,-1.0181278010391888,-0.21193016311249213,-1.3081239783972567
412,999,0.41852887532513516,-0.4931627689914761,-0.5506694454515377
413,998,0.9316205454552509,1.161896016129095,0.6199421054645735
414,994,-0.6076544649350962,0.6389536212252004,1.0330991234349656
415,998,0.8803113784422393,-1.0464822049485014,0.9642396204399003
416,991,0.2132922072730889,-2.498700748198168,-1.5147024873824528
417,976,1.2394755475333203,1.8919249059543322,2.410289183336273
418,948,-1.4286011371432812,-0.3563027668273712,0.27564459048924667
419,977,-0.14587196181799206,1.4601136342098295,1.85941315937575
420,985,-1.4286011371432812,-0.7678626778697868,-1.376983481392322
421,953,-1.1720553020782234,-0.2403473950654208,-1.927859505352845
422,998,0.2646013742861005,0.01867404101127405,0.5510826024695081
423,998,0.8290022114292277,-0.5777611951501949,-0.13751242748114553
424,998,1.5473305496113896,0.37503266239800054,1.5839751473954886
425,998,-0.5050361309090731,-1.4048006354354299,-0.6883884514416684
426,957,0.16198304026007734,0.6513657455264795,0.9642396204399003
427,988,-1.325982803117258,-0.04077350169485264,-0.3440909364663416
428,991,-0.14587196181799206,-0.9272604846862144,-1.170404972407126
429,992,-0.2997994628570268,-0.1155728823525615,-0.8261074574317991
430,976,-1.120746135065212,1.5009429904640375,0.7576611114547042
431,998,1.752567217663436,-0.9707029197406916,0.8265206144497695
432,991,-0.864200300000154,-0.5709018632994879,-0.9638264634219299
433,998,1.4960213825983781,0.9989052259622971,-0.13751242748114553
434,994,-0.14587196181799206,0.9035278497524675,0.9642396204399003
435,998,0.11067387324706578,-0.14137703550522088,0.20678508749418129
436,988,-1.3772919701302697,-1.3956548596344873,-0.7572479544367338
437,998,-1.325982803117258,0.5115660297120718,1.4462561414053579
438,991,1.752567217663436,1.4882042313127244,0.344504093484312
439,991,1.034238879481274,0.5298575813139569,-0.8261074574317991
440,855,-1.582528638182316,-1.2983176743244558,0.13792558449911593
441,998,0.11067387324706578,0.1731723250771967,0.27564459048924667
442,957,0.46983804233814674,0.9662417409589308,0.06906608150405057
443,994,0.6237655433771815,-2.3899313431369578,-1.170404972407126
444,977,-0.0945627948049805,1.772703185692045,0.48222309947444275
445,968,0.6750747103901931,-0.5529369465476365,0.13792558449911593
446,998,1.1881663805203087,0.9642819318587288,-0.5506694454515377
447,998,0.008055539221042636,-2.003848950397168,-3.5116280742393484
448,998,-1.0694369680522002,-3.0817439555082564,-1.6524214933725834
449,998,0.3672197083121236,1.134785323576301,0.0002065785089852039
450,930,0.6237655433771815,0.017040866761105736,-0.41295043946140697
451,991,0.3672197083121236,0.9201862271041843,-0.48180994245647235
452,998,-1.0181278010391888,1.1854137253315187,0.5510826024695081
453,998,1.4960213825983781,2.2499167015912267,1.9282726623708153
454,994,-0.0945627948049805,-0.8890442072322758,-2.4098760263183023
455,977,-1.0694369680522002,-1.0379896988476263,-1.5835619903775182
456,918,-0.2997994628570268,-0.08650238069956548,0.9642396204399003
457,998,0.31591054129911206,0.7019941472816973,0.8265206144497695
458,998,-0.14587196181799206,-1.7948026463756237,-0.13751242748114553
459,998,0.46983804233814674,0.9378245090060021,1.2396776324201617
460,976,0.7776930444162161,0.5729733815184004,-0.06865292448608015
461,998,0.16198304026007734,-3.1261662951128346,-1.6524214933725834
462,988,-0.864200300000154,-1.6768874655134713,-1.6524214933725834
463,998,1.4960213825983781,0.6445064136757727,0.13792558449911593
464,998,-0.2484902958440152,0.5893051240200835,2.616867692321469
465,976,-0.4537269638960615,0.2724693194874303,-0.7572479544367338
466,998,1.0855480464942855,0.24568526178466993,-0.06865292448608015
467,998,-0.8128911329871424,0.7111399230826398,1.2396776324201617
468,988,-1.120746135065212,1.7723765508420115,1.0330991234349656
469,998,0.008055539221042636,-0.5326855858455494,0.6199421054645735
470,998,-1.120746135065212,-0.0809495882489932,-0.3440909364663416
471,985,-0.8128911329871424,-0.6496208621576007,-1.170404972407126
472,988,0.9829297124682624,1.3905404111526591,1.2396776324201617
473,998,1.3420938815593435,1.3889072369024908,0.7576611114547042
474,948,-0.6589636319481077,-0.8547475479787412,-0.6883884514416684
475,953,-0.14587196181799206,0.055257144215044324,0.5510826024695081
476,998,-1.4799103041562929,-0.5477107889470978,0.13792558449911593
477,976,0.7263838774032045,-0.9713561894407589,0.6199421054645735
478,992,-0.6589636319481077,1.0642321959690297,1.9971321653658807
479,998,-0.864200300000154,-1.027537383646549,-0.48180994245647235
480,998,-0.2997994628570268,0.08628745496824232,-0.27523143347127627
481,999,0.7263838774032045,-1.3355540472282932,-0.41295043946140697
482,988,0.7776930444162161,-0.27954357706946037,-0.6883884514416684
483,994,0.11067387324706578,0.18591108422850958,0.8953801174448349
484,988,-1.4286011371432812,1.230815969486198,1.2396776324201617
485,985,-0.5050361309090731,1.806673210095546,1.101958626430031
486,998,-0.8128911329871424,-0.24002076021538715,-0.48180994245647235
487,998,-1.120746135065212,-0.959597334839547,-0.5506694454515377
488,949,-1.4286011371432812,1.215137496684582,-0.27523143347127627
489,998,0.8290022114292277,-1.222538389116646,-0.06865292448608015
490,930,0.2646013742861005,-0.6048718877029888,-0.41295043946140697
491,998,-1.582528638182316,-0.041426771394919966,0.8953801174448349
492,976,0.0593647062340542,-0.10675374140165259,0.13792558449911593
493,998,-1.120746135065212,-0.756103823268575,-0.6883884514416684
494,988,-0.9155094670131656,-0.40039847158191577,0.0002065785089852039
495,948,-0.864200300000154,-0.5209267312443374,-0.6883884514416684
496,998,-0.2997994628570268,-0.015295983392226915,-0.20637193047621089
497,949,0.6750747103901931,-0.08323603219922884,0.0002065785089852039
498,998,-0.8128911329871424,1.0864433657713188,0.7576611114547042
499,999,1.3420938815593435,-1.5504797785504436,-0.619528948446603
500,998,1.7012580506504245,0.37307285329779855,0.6199421054645735
501,968,0.008055539221042636,0.9652618364088298,1.85941315937575
502,988,1.5473305496113896,0.1297298900227195,-0.13751242748114553
503,976,-1.223364469091235,1.9049902999556787,0.9642396204399003
504,957,0.5211472093511583,-2.0512110036520492,-1.6524214933725834
505,998,0.5724563763641699,-0.3282121697244762,0.48222309947444275
506,984,-0.2997994628570268,-2.997798799049605,-2.8230330442886946
507,998,1.2907847145463318,0.5680738587678954,1.4462561414053579
508,943,-0.5050361309090731,0.915613339203713,0.8265206144497695
509,948,-0.5050361309090731,1.3817212702017503,0.7576611114547042
510,999,-1.582528638182316,0.698401163931327,1.0330991234349656
511,968,-1.6338378051953275,-0.4814039143902642,-1.0326859664169952
512,984,1.6499488836374128,-0.7231137034151749,0.344504093484312
513,998,-0.8128911329871424,0.9433773014565744,0.41336359647937737
514,998,-0.5050361309090731,-0.8214307932753075,-0.13751242748114553
515,998,1.3420938815593435,0.11274487782096904,0.9642396204399003
516,994,0.7776930444162161,1.7478789370894867,0.8953801174448349
517,998,-0.2484902958440152,0.14116210977389773,0.20678508749418129
518,977,1.0855480464942855,-1.2084930905651983,-0.8261074574317991
519,988,-0.0945627948049805,-1.633445030458994,-0.9638264634219299
520,994,1.034238879481274,-0.47911747044002856,0.06906608150405057
521,968,1.4447122155853664,0.3515149531955768,1.3773966384102925
522,991,-0.4024177968830499,1.0648854656690971,2.1348511713560114
523,998,-1.5312194711693043,-0.7985663537729512,-0.9638264634219299
524,999,0.46983804233814674,1.5750891014216788,0.7576611114547042
525,998,0.3672197083121236,1.1001620294727328,-0.48180994245647235
526,984,-0.5050361309090731,-0.529092602495179,-0.5506694454515377
527,991,1.2394755475333203,-0.2909757968206386,-0.48180994245647235
528,998,-0.9668186340261772,-0.6130377589538304,-1.3081239783972567
529,994,1.5986397166244013,0.3263640697429847,-0.06865292448608015
530,992,-0.6589636319481077,1.6551146396799263,1.5839751473954886
531,985,0.7263838774032045,-0.9478384802383352,-0.619528948446603
532,976,1.393403048572355,0.11143833842083438,0.48222309947444275
533,985,1.5986397166244013,0.5017669842110618,0.13792558449911593
534,998,-0.6589636319481077,-0.041426771394919966,-0.5506694454515377
535,998,-0.9668186340261772,-0.46866515523895136,-0.41295043946140697
536,991,-0.4537269638960615,-1.0079392926445292,-0.48180994245647235
537,988,0.8290022114292277,-0.8433153282275629,-0.06865292448608015
538,998,-0.14587196181799206,0.09020707316864628,1.2396776324201617
539,998,1.1881663805203087,-1.3603782958308517,-1.0326859664169952
540,968,-1.2746736361042466,-1.0337434457971886,-0.8949669604268645
541,998,-0.5050361309090731,-0.06657765484751203,0.8953801174448349
542,943,-1.4286011371432812,-0.533012220695583,-1.2392644754021913
543,999,-0.9668186340261772,-1.0549747110493766,-2.134438014338041
544,992,-0.4024177968830499,-0.5176603827440008,0.27564459048924667
545,948,1.6499488836374128,-1.1689702737111252,-0.5506694454515377
546,949,-0.9668186340261772,-0.1057738368515516,1.5839751473954886
547,946,0.5724563763641699,0.11470468692117101,-0.6883884514416684
548,999,-1.223364469091235,2.5964762774769437,1.6528346503905538
549,998,-1.223364469091235,-0.06461784574731005,1.4462561414053579
550,998,0.2646013742861005,2.8564776181037392,1.9282726623708153
551,998,-0.2484902958440152,0.5145057433623746,0.9642396204399003
552,998,0.9829297124682624,0.16761953262662443,1.101958626430031
553,992,0.5724563763641699,-1.7987222645760277,-1.0326859664169952
554,999,-1.3772919701302697,0.08236783676783836,-0.20637193047621089
555,998,1.3420938815593435,-0.5973592861522146,-1.4458429843873875
556,953,-1.582528638182316,-0.6535404803580047,0.20678508749418129
557,957,1.4447122155853664,0.4090026868015015,1.0330991234349656
558,998,-0.9155094670131656,-0.0597183229968051,-1.0326859664169952
559,998,0.46983804233814674,-1.5837965332538773,-1.170404972407126
560,949,-0.9668186340261772,-1.6883196852646494,-1.7901404993627141
561,994,-0.6589636319481077,0.3165650242419748,-0.5506694454515377
562,998,0.9829297124682624,0.3100323272413016,-0.8261074574317991
563,985,1.7012580506504245,1.1743081404303741,2.616867692321469
564,998,0.2132922072730889,-0.36512190777828013,0.48222309947444275
565,991,1.0855480464942855,0.06374965031591956,-0.13751242748114553
566,998,-0.7615819659741309,-0.8730390995806263,-0.06865292448608015
567,943,1.752567217663436,-1.2035935678146934,-0.27523143347127627
568,998,0.7776930444162161,1.1834539162313167,0.41336359647937737
569,985,-0.2997994628570268,0.7078735745823033,0.06906608150405057
570,998,0.9316205454552509,1.7351401779381739,0.7576611114547042
571,998,0.7776930444162161,2.5801445349752603,2.3414296803412076
572,949,1.6499488836374128,1.154056779728287,2.89230570430173
573,949,-1.6338378051953275,-1.8509838405814136,-1.170404972407126
574,998,1.2907847145463318,-0.7387921762167907,-0.5506694454515377
575,998,-1.0181278010391888,0.4593044537066856,-0.27523143347127627
576,985,1.7012580506504245,0.6350340030247964,0.41336359647937737
577,992,-1.582528638182316,-0.24949317086636338,-1.1015454694120606
578,926,0.16198304026007734,1.478078550961681,1.5151156444004232
579,998,0.008055539221042636,0.11503132177120468,0.06906608150405057
580,991,0.5724563763641699,1.046593914067212,0.8953801174448349
581,998,1.034238879481274,-1.3375138563284952,-0.6883884514416684
582,992,-0.6589636319481077,-1.9780447972445088,-0.5506694454515377
583,998,-1.0694369680522002,-0.7835411506714026,-0.13751242748114553
584,985,0.8290022114292277,-0.6659526046592839,-0.41295043946140697
585,998,0.16198304026007734,2.1502930723309595,2.1348511713560114
586,999,-0.0945627948049805,0.34236917739463424,0.0002065785089852039
587,930,-1.4286011371432812,-0.6584400031085096,0.344504093484312
588,968,-1.325982803117258,0.6281746711740894,0.9642396204399003
589,992,-0.7102727989611193,0.7281249352843904,1.3773966384102925
590,991,1.1368572135072972,-0.6166307423042008,1.3773966384102925
591,976,1.7012580506504245,-0.3213528378737693,-0.06865292448608015
592,998,-0.19718112883100364,0.8708643647491011,0.20678508749418129
593,985,-1.5312194711693043,2.4703952253639496,1.5151156444004232
594,998,0.9829297124682624,-1.4061071748355645,-0.5506694454515377
595,998,-1.0694369680522002,0.8440803070463407,0.8265206144497695
596,998,-0.3511086298700383,0.8257887554444556,-0.8261074574317991
597,992,0.7263838774032045,0.6618180607275568,-0.3440909364663416
598,930,-1.0181278010391888,0.7477230262864102,1.4462561414053579
599,998,-0.6589636319481077,-0.4017050109820504,-0.5506694454515377
600,998,-0.6076544649350962,-0.5196201918442028,-1.4458429843873875
601,998,1.2907847145463318,-0.7590435369188778,0.13792558449911593
602,855,0.46983804233814674,-0.4115040564830603,-0.27523143347127627
603,998,0.008055539221042636,0.907774102802905,0.0002065785089852039
604,994,1.5986397166244013,-0.35466959257720293,0.344504093484312
605,985,-0.5050361309090731,-0.9716828242907926,-0.3440909364663416
606,930,1.752567217663436,0.8956886133516596,0.8265206144497695
607,994,-0.5050361309090731,-1.3130162425759706,-1.4458429843873875
608,998,1.0855480464942855,-0.9102754724844639,-0.8261074574317991
609,977,0.7776930444162161,0.19048397212898086,0.0002065785089852039
610,949,0.2132922072730889,0.6536521894767152,1.0330991234349656
611,998,1.2907847145463318,0.40606297315119855,0.8265206144497695
612,998,-1.223364469091235,-0.9311801028866183,-1.170404972407126
613,998,-0.4537269638960615,0.18199146602810562,0.48222309947444275
614,998,1.034238879481274,0.21073533283106796,1.101958626430031
615,994,0.7263838774032045,0.08138793221773737,0.8953801174448349
616,998,1.2907847145463318,-0.18285966145949611,0.5510826024695081
617,998,-0.04325362779196893,1.2644593590396653,0.41336359647937737
618,968,-1.2746736361042466,-0.04763283354555956,-0.27523143347127627
619,994,1.5986397166244013,-0.19069889786030403,-0.06865292448608015
620,977,1.2907847145463318,-0.08029631854892588,-0.27523143347127627
621,992,1.034238879481274,-0.8710792904804243,-0.06865292448608015
622,992,0.11067387324706578,-0.6907768532618422,-1.1015454694120606
623,998,-1.5312194711693043,-0.07507016094838727,-0.27523143347127627
624,943,-1.325982803117258,-1.643244075960004,-1.4458429843873875
625,998,-1.0181278010391888,1.1445843690773108,-0.20637193047621089
626,994,-1.120746135065212,-0.6937165669121452,-0.5506694454515377
627,998,0.5211472093511583,-0.08486920644939716,-0.27523143347127627
628,994,-0.9668186340261772,0.2538511330355115,0.41336359647937737
629,976,0.6750747103901931,1.2187304800349523,2.616867692321469
630,991,0.7776930444162161,0.3397560985943649,1.1708181294250963
631,998,-0.4537269638960615,-0.27660386341915744,0.6888016084596388
632,998,-1.2746736361042466,0.08530755041814134,-0.27523143347127627
633,949,-1.1720553020782234,-0.3945190442813098,-0.6883884514416684
634,991,0.6237655433771815,-0.3210262030237356,0.0002065785089852039
635,998,-1.6338378051953275,0.42794750810345394,-0.3440909364663416
636,998,0.7263838774032045,-0.2279352707641416,-1.4458429843873875
637,992,1.0855480464942855,1.104734917373204,1.2396776324201617
638,999,-0.7615819659741309,0.5066665069615668,0.20678508749418129
639,998,-0.4537269638960615,1.4597869993597958,0.5510826024695081
640,946,-0.2484902958440152,-0.48173054924029785,0.27564459048924667
641,976,1.034238879481274,-1.984577494245182,-0.9638264634219299
642,998,1.7012580506504245,-1.5236957208476833,0.27564459048924667
643,994,-1.5312194711693043,0.47530956135833513,0.8953801174448349
644,998,0.8803113784422393,-1.9091248438874058,-0.6883884514416684
645,992,0.9829297124682624,0.01638759706103841,-0.06865292448608015
646,998,-0.9668186340261772,0.6229485135735509,-0.6883884514416684
647,998,-0.9155094670131656,1.2033786420833703,1.4462561414053579
648,998,-0.04325362779196893,-2.520585283150423,-1.7901404993627141
649,998,-0.2484902958440152,0.06015666696554927,0.06906608150405057
650,985,1.752567217663436,0.3230977212426481,0.6199421054645735
651,855,-0.8128911329871424,1.4996364510639026,1.4462561414053579
652,949,0.008055539221042636,0.48902822505974897,-0.20637193047621089
653,985,0.5724563763641699,0.007895090960163168,-0.6883884514416684
654,949,-0.0945627948049805,-0.9125619164346995,0.6888016084596388
655,998,-0.04325362779196893,-0.8629134192295828,-0.3440909364663416
656,998,-0.864200300000154,1.1847604556314515,1.7216941533856192
657,991,-0.0945627948049805,-0.9876879319424421,-0.7572479544367338
658,968,0.46983804233814674,1.2442079983375782,1.1708181294250963
659,994,0.2646013742861005,1.0433275655668752,1.5839751473954886
660,988,-0.7102727989611193,0.21726802983174123,0.344504093484312
661,985,1.5473305496113896,-2.4915147814974272,-1.7901404993627141
662,948,-0.04325362779196893,-2.7191792719708903,-1.5147024873824528
663,977,-0.6076544649350962,0.9120203558533427,-0.27523143347127627
664,949,-0.3511086298700383,0.46191753250695494,0.48222309947444275
665,977,0.31591054129911206,0.6722703759286339,0.344504093484312
666,949,0.8290022114292277,-1.2591214923204161,-0.8949669604268645
667,991,1.6499488836374128,1.7632307750410687,2.272570177346142
668,994,-0.5563452979220846,1.753431729540059,0.6888016084596388
669,998,0.2132922072730889,0.5386767222648657,1.5151156444004232
670,998,0.5211472093511583,0.8666181116986635,1.4462561414053579
671,998,0.46983804233814674,0.3391028288942976,0.6888016084596388
672,998,-1.6338378051953275,0.29337394988958476,0.8953801174448349
673,998,1.0855480464942855,-0.3772073972295257,-0.48180994245647235
674,998,-1.582528638182316,-1.0513817276990063,-0.7572479544367338
675,998,-0.0945627948049805,-0.8420087888274284,-0.8261074574317991
676,994,-1.0694369680522002,-0.5431379010466265,-0.48180994245647235
677,998,-1.5312194711693043,0.0918402474188146,1.2396776324201617
678,999,-1.223364469091235,0.7686276566885646,0.8265206144497695
679,991,-1.582528638182316,-0.7923602916223115,-0.619528948446603
680,985,-0.3511086298700383,-0.7378122716666897,-0.619528948446603
681,930,1.2394755475333203,0.24111237388419865,0.6199421054645735
682,998,-0.6076544649350962,-0.5493439631972661,-1.376983481392322
683,949,0.46983804233814674,0.39267094429981836,1.4462561414053579
684,984,1.0855480464942855,2.367505247603346,1.7216941533856192
685,991,-1.325982803117258,-0.8632400540796165,-2.0655785113429754
686,998,1.2907847145463318,1.2445346331876117,0.8265206144497695
687,998,0.0593647062340542,-0.5666556102490503,-1.0326859664169952
688,855,0.9829297124682624,-0.3298453439746445,-0.7572479544367338
689,998,-1.325982803117258,0.31558511969187386,1.0330991234349656
690,994,1.4960213825983781,-0.8420087888274284,-0.06865292448608015
691,998,-0.0945627948049805,1.3810680005016829,1.2396776324201617
692,998,-0.4024177968830499,1.285037354591786,1.4462561414053579
693,998,-1.4286011371432812,0.37797237604830347,0.344504093484312
694,998,-1.223364469091235,0.41945500200257874,0.6888016084596388
695,998,-0.19718112883100364,0.7500094702366458,0.344504093484312
696,998,0.0593647062340542,0.4054097034511312,0.48222309947444275
697,998,0.8290022114292277,-1.7193499960178475,-0.27523143347127627
698,991,-1.120746135065212,0.5148323782124083,-0.06865292448608015
699,998,0.2132922072730889,-0.12177894450320109,0.06906608150405057
700,998,-0.9668186340261772,1.1246596432252574,1.1708181294250963
701,985,1.2907847145463318,-0.803465876523456,-0.48180994245647235
702,998,-1.1720553020782234,-0.5264795236949097,-1.2392644754021913
703,999,-0.04325362779196893,-0.15346252495646642,0.6888016084596388
704,998,1.393403048572355,2.2920525972455694,1.9971321653658807
705,930,0.5211472093511583,-0.2821566558697297,-0.3440909364663416
706,998,1.2394755475333203,-0.17959331295915948,1.101958626430031
707,994,1.7012580506504245,-0.46931842493901865,0.06906608150405057
708,948,-1.3772919701302697,-1.7141238384173088,-1.5147024873824528
709,998,-1.1720553020782234,-1.7134705687172416,-0.9638264634219299
710,991,0.6237655433771815,-0.5124342251434622,0.13792558449911593
711,976,0.0593647062340542,-0.9308534680365846,-1.5147024873824528
712,948,-1.0694369680522002,0.9904127198614219,0.6199421054645735
713,949,-0.5050361309090731,-0.9439188620379312,0.6199421054645735
714,998,1.0855480464942855,0.22314745713234718,-0.27523143347127627
715,998,-0.864200300000154,-0.5045949887426543,-1.3081239783972567
716,998,-1.223364469091235,-0.17567369475875552,0.9642396204399003
717,855,0.7263838774032045,-0.7345459231663531,-0.13751242748114553
718,998,0.2132922072730889,-1.4952784888947546,0.06906608150405057
719,976,-1.325982803117258,-0.010069825791688304,-0.27523143347127627
720,991,-0.5563452979220846,0.9368446044559011,-0.7572479544367338
721,991,-1.1720553020782234,0.5621944314672895,-0.13751242748114553
722,998,1.4447122155853664,-0.3984386624817138,-0.7572479544367338
723,991,-1.120746135065212,2.0578554097714328,0.9642396204399003
724,991,1.5473305496113896,-0.9168081694851372,1.9282726623708153
725,968,0.2132922072730889,0.29696693323995504,-0.20637193047621089
726,998,-0.2484902958440152,0.8166429796435131,1.6528346503905538
727,998,1.5986397166244013,-1.7258826930185207,0.344504093484312
728,994,0.8803113784422393,1.3284797896462632,0.6888016084596388
729,998,0.46983804233814674,0.3041528999406956,-0.3440909364663416
730,991,0.3672197083121236,0.8123967265930755,0.27564459048924667
731,953,-0.19718112883100364,0.07550850491713143,0.8265206144497695
732,998,0.6750747103901931,-0.5614294526485116,-0.6883884514416684
733,948,0.008055539221042636,-0.6385152772564562,1.101958626430031
734,949,-0.4024177968830499,-0.9857281228422401,0.27564459048924667
735,985,0.5724563763641699,-0.1890657236101357,-0.06865292448608015
736,988,-1.120746135065212,1.3758418429011443,0.27564459048924667
737,991,-1.2746736361042466,-0.838415805477058,-0.619528948446603
738,855,-1.120746135065212,1.014583698763913,-0.27523143347127627
739,998,0.46983804233814674,-0.3582625759275732,-0.13751242748114553
740,988,0.46983804233814674,-1.1091960961549647,-0.8949669604268645
741,998,0.0593647062340542,0.18264473572817294,0.48222309947444275
742,994,1.4960213825983781,1.108654535573608,1.2396776324201617
743,994,-1.0181278010391888,-0.5153739387937651,0.20678508749418129
744,999,-1.2746736361042466,0.07681504431726609,-0.8949669604268645
745,991,0.0593647062340542,-0.4131372307332286,0.8953801174448349
746,991,-1.325982803117258,-0.6238167090049413,-1.3081239783972567
747,949,-1.5312194711693043,-1.1490455478590715,-0.9638264634219299
748,998,-1.2746736361042466,-0.12504529300353773,-0.8949669604268645
749,998,-0.6076544649350962,0.2460118966347036,-0.7572479544367338
750,949,1.752567217663436,0.4054097034511312,1.5151156444004232
751,949,-0.2997994628570268,-0.013336174292024936,-1.0326859664169952
752,999,1.4960213825983781,1.0913428885218237,1.0330991234349656
753,998,-1.4799103041562929,-1.6203796364576475,-0.8261074574317991
754,948,0.8290022114292277,-0.3184131242234663,-0.7572479544367338
755,998,-1.223364469091235,-1.4942985843446537,-3.236190062259087
756,994,1.752567217663436,-0.22956844501430992,-0.20637193047621089
757,992,-1.3772919701302697,0.04643800326413542,-1.0326859664169952
758,998,-1.582528638182316,0.6771698986791389,0.6199421054645735
759,998,0.6237655433771815,-0.34781026072649596,-0.13751242748114553
760,943,-0.2997994628570268,0.26430344823658874,-0.13751242748114553
761,999,1.4960213825983781,-0.343890642526092,-0.6883884514416684
762,998,0.6750747103901931,2.0069003731661814,0.6888016084596388
763,999,-0.7615819659741309,-0.5682887844992186,0.06906608150405057
764,998,0.11067387324706578,1.437249194707473,0.8953801174448349
765,998,0.8290022114292277,-0.5388916479961889,0.41336359647937737
766,998,1.752567217663436,-0.5457509798468958,-0.619528948446603
767,998,-0.9155094670131656,1.6286572168271995,0.6888016084596388
768,949,-1.4799103041562929,-0.842335423677462,-1.2392644754021913
769,994,-0.6076544649350962,-0.7564304581186085,-0.8261074574317991
770,994,1.5986397166244013,0.4325203960039252,0.8953801174448349
771,988,0.6750747103901931,-1.5658316165020258,-1.3081239783972567
772,992,0.9316205454552509,-0.131577990004211,0.5510826024695081
773,992,1.393403048572355,-0.45625303093767217,-1.376983481392322
774,991,1.752567217663436,-0.2635384694178109,-0.6883884514416684
775,998,-0.9155094670131656,1.0864433657713188,1.5839751473954886
776,994,-1.6338378051953275,-0.3406242940257554,-1.2392644754021913
777,998,-1.5312194711693043,1.0171967775641821,-1.4458429843873875
778,998,-1.325982803117258,-0.9047226800338917,-1.2392644754021913
779,998,-0.5050361309090731,-1.4632682735914555,-0.3440909364663416
780,985,-0.14587196181799206,-0.2883627180203693,-1.376983481392322
781,968,0.8803113784422393,1.4173244688554196,0.9642396204399003
782,985,1.4960213825983781,0.8231756766441863,0.48222309947444275
783,998,1.2907847145463318,-1.5099770571462694,-0.9638264634219299
784,998,0.46983804233814674,-0.3886396169807039,-0.13751242748114553
785,998,-0.19718112883100364,-1.548193334600208,0.20678508749418129
786,998,0.16198304026007734,0.17611203872749967,0.13792558449911593
787,998,-0.5563452979220846,-0.4536399521374028,-0.48180994245647235
788,998,-0.5563452979220846,-1.7409078961200692,-1.0326859664169952
789,998,0.11067387324706578,0.49752073116062423,0.5510826024695081
790,998,1.752567217663436,-1.1291208220070181,-0.48180994245647235
791,994,-1.120746135065212,0.19832320852978877,0.6199421054645735
792,998,0.0593647062340542,0.5958378210207568,0.20678508749418129
793,984,0.2132922072730889,-3.037648250753712,-2.6164545353034985
794,998,0.8290022114292277,-0.08486920644939716,-0.9638264634219299
795,930,0.0593647062340542,1.2690322469401365,-0.13751242748114553
796,999,1.4960213825983781,2.198308395285908,2.065991668360946
797,994,-0.9155094670131656,-0.04599965929539125,-0.7572479544367338
798,998,-1.120746135065212,0.24437872238453529,-1.2392644754021913
799,998,-0.6589636319481077,-1.3208554789767784,0.20678508749418129
800,998,0.7776930444162161,1.1507904312279504,1.2396776324201617
801,998,-0.0945627948049805,-2.186111196715952,-0.8949669604268645
802,998,1.6499488836374128,0.708200209432337,1.4462561414053579
803,930,-0.864200300000154,-0.9746225379410955,-1.927859505352845
804,943,-1.1720553020782234,-1.6938724777152216,-1.5147024873824528
805,998,0.5724563763641699,-0.590173319451474,-1.2392644754021913
806,976,0.008055539221042636,0.6536521894767152,0.20678508749418129
807,991,-0.5563452979220846,-0.13811068700488424,0.20678508749418129
808,855,1.034238879481274,0.8731508086993368,0.8953801174448349
809,998,-0.6589636319481077,1.267725707540002,-0.5506694454515377
810,998,0.7776930444162161,1.9399402289092806,1.101958626430031
811,976,0.7776930444162161,-0.22205584346353568,0.7576611114547042
812,998,-0.5050361309090731,1.442148717457978,0.7576611114547042
813,998,1.5986397166244013,0.1751321341773987,0.48222309947444275
814,998,-0.0945627948049805,0.5595813526670202,-0.27523143347127627
815,998,1.2394755475333203,0.30741924844103224,0.13792558449911593
816,998,-0.864200300000154,1.0877499051714534,-0.8949669604268645
817,998,-0.6589636319481077,-0.32592572577424056,-0.7572479544367338
818,998,-0.5050361309090731,-1.1859552859128757,0.27564459048924667
819,998,0.2646013742861005,2.3319020489496762,1.4462561414053579
820,930,1.393403048572355,-0.6646460652591493,-0.3440909364663416
821,998,1.4447122155853664,0.37699247149820253,0.41336359647937737
822,998,-1.4286011371432812,1.2419215543873425,1.0330991234349656
823,998,0.11067387324706578,0.12058411422177695,0.13792558449911593
824,994,1.1881663805203087,1.7994872433948055,0.7576611114547042
825,998,0.6237655433771815,-1.3345741426781923,-0.9638264634219299
826,985,-0.6076544649350962,1.812552637396152,0.8265206144497695
827,998,0.9829297124682624,-0.5663289753990166,-0.20637193047621089
828,998,1.5473305496113896,0.3557612062460144,-0.06865292448608015
829,994,-0.2484902958440152,-0.7649229642194838,-1.7212809963676488
830,918,-1.0694369680522002,-0.7776617233707966,0.20678508749418129
831,998,0.31591054129911206,-0.21258343281255945,-1.3081239783972567
832,948,0.8803113784422393,-0.37786066692959297,-0.5506694454515377
833,994,-1.2746736361042466,0.03402587896285622,-1.170404972407126
834,930,-0.2484902958440152,-1.4061071748355645,-1.376983481392322
835,948,-1.582528638182316,0.3645803471969233,-0.8261074574317991
836,976,1.034238879481274,-0.5800476391004304,-0.8261074574317991
837,949,0.31591054129911206,-0.23544787231491587,-1.3081239783972567
838,998,-1.0694369680522002,-0.6251232484050759,0.0002065785089852039
839,999,-1.325982803117258,0.6118429286724063,-0.13751242748114553
840,977,1.4960213825983781,-1.4583687508409506,-0.7572479544367338
841,985,0.0593647062340542,0.5844056012695786,-0.9638264634219299
842,998,0.2646013742861005,0.82350231149422,-0.13751242748114553
843,998,-0.4024177968830499,2.2930325017956705,2.065991668360946
844,957,0.8290022114292277,0.7405370595856696,-0.619528948446603
845,998,0.5211472093511583,-1.0602008686499154,-0.8949669604268645
846,998,-0.14587196181799206,-1.0928643536532816,1.1708181294250963
847,988,-1.0694369680522002,-0.7645963293694501,-0.8949669604268645
848,998,-1.4286011371432812,0.20420263583039472,0.8265206144497695
849,985,0.16198304026007734,0.732371188334828,0.06906608150405057
850,998,0.3672197083121236,-0.4640922673384801,1.1708181294250963
851,998,1.393403048572355,0.6755367244289706,0.8265206144497695
852,998,0.0593647062340542,0.5687271284679628,1.9282726623708153
853,998,1.752567217663436,0.19701666912965413,0.6199421054645735
854,998,1.3420938815593435,-1.0703265490009588,-1.3081239783972567
855,855,-1.2746736361042466,-0.8488681206781352,-1.5835619903775182
856,991,0.7776930444162161,-0.06069822754690609,1.2396776324201617
857,998,-0.4024177968830499,1.1991323890329326,0.7576611114547042
858,998,0.46983804233814674,-0.16489474470764462,0.0002065785089852039
859,991,1.2394755475333203,-0.10740701110171992,-0.3440909364663416
860,994,1.393403048572355,1.3428517230477444,1.2396776324201617
861,998,-1.0181278010391888,-0.2004979433613139,-0.7572479544367338
862,998,-1.223364469091235,-0.5251729842947751,-0.41295043946140697
863,998,-1.6338378051953275,0.17480549932736503,-0.48180994245647235
864,994,1.5986397166244013,-1.241809845268632,-1.8590000023577795
865,991,-1.582528638182316,0.085634185268175,-1.1015454694120606
866,998,0.0593647062340542,-0.5415047267964582,0.6888016084596388
867,985,-1.223364469091235,-0.344870547076193,-0.8261074574317991
868,998,0.11067387324706578,-0.07311035184818529,-1.4458429843873875
869,998,-0.9668186340261772,-0.0015773196908130632,-0.13751242748114553
870,998,-1.1720553020782234,-2.3125188836789796,-2.0655785113429754
871,998,-0.5563452979220846,0.5376968177147647,1.9971321653658807
872,968,1.5986397166244013,1.3853142535521206,2.4791486863313383
873,943,0.6237655433771815,1.0482270883173803,0.8953801174448349
874,948,-0.3511086298700383,-0.32494582122413956,-1.1015454694120606
875,948,1.2907847145463318,-1.1444726599586004,-2.203297517333106
876,976,1.752567217663436,-0.07017063819788232,0.5510826024695081
877,992,-0.6076544649350962,0.544229514715438,0.7576611114547042
878,998,0.6750747103901931,-1.4443234522895032,-1.170404972407126
879,998,-1.5312194711693043,-2.171412628464437,-1.1015454694120606
880,998,-0.7102727989611193,0.9659151061088971,1.9282726623708153
881,985,1.4447122155853664,-1.8362852723298988,-0.20637193047621089
882,994,0.5724563763641699,-0.7783149930708639,0.0002065785089852039
883,998,-1.325982803117258,0.47824927500863806,-0.06865292448608015
884,998,-1.120746135065212,2.5693655849241495,1.2396776324201617
885,991,0.2132922072730889,-1.4129665066862716,-0.6883884514416684
886,998,1.5473305496113896,-0.2370810465650842,-0.5506694454515377
887,998,1.4960213825983781,-0.042406675945020955,1.0330991234349656
888,998,0.11067387324706578,2.6644163262839453,1.5839751473954886
889,994,1.7012580506504245,0.0784482185674344,-0.06865292448608015
890,948,-0.5050361309090731,1.9056435696557459,1.85941315937575
891,998,0.46983804233814674,-0.20474419641175154,-0.9638264634219299
892,998,0.46983804233814674,-0.4461273505866286,-0.8261074574317991
893,999,-1.0694369680522002,0.12189065362191161,0.06906608150405057
894,999,-0.2997994628570268,-1.3943483202343527,-0.5506694454515377
895,998,1.7012580506504245,-0.9125619164346995,-0.8261074574317991
896,949,-1.4286011371432812,-1.281659296972739,-1.376983481392322
897,998,1.4960213825983781,-0.23218152381457924,0.48222309947444275
898,999,-1.2746736361042466,-0.1508494461561971,0.344504093484312
899,988,1.5473305496113896,-1.9571401668423543,-0.48180994245647235
900,988,1.4960213825983781,-1.293091516723917,-0.20637193047621089
901,992,1.6499488836374128,0.9639552970086952,1.0330991234349656
902,946,1.034238879481274,-0.25831231181727227,0.9642396204399003
903,998,-0.0945627948049805,0.3613139986965867,-0.3440909364663416
904,999,-0.7102727989611193,-0.3598957501777415,-0.27523143347127627
905,998,-1.223364469091235,0.09771967471942053,0.06906608150405057
906,930,-0.9668186340261772,-0.7544706490184065,-0.9638264634219299
907,976,0.2646013742861005,-0.3598957501777415,-0.5506694454515377
908,991,-0.4537269638960615,-0.19657832516090995,-0.20637193047621089
909,957,-0.3511086298700383,0.6546320940268162,0.13792558449911593
910,949,-0.5563452979220846,-0.5117809554433949,-0.8261074574317991
911,998,-0.5050361309090731,0.3936508488499193,-0.13751242748114553
912,994,1.3420938815593435,-1.3100765289256675,0.7576611114547042
913,994,0.8290022114292277,-1.4557556720406812,-0.48180994245647235
914,988,-0.2484902958440152,0.47400302195820043,0.13792558449911593
915,991,1.1881663805203087,0.01867404101127405,0.06906608150405057
916,949,0.008055539221042636,-0.6767315547103948,0.6888016084596388
917,998,1.7012580506504245,1.9876289170141954,1.5151156444004232
918,918,-0.6589636319481077,-0.7146211973142996,-0.06865292448608015
919,930,-0.3511086298700383,0.9930257986616912,0.344504093484312
920,991,-1.1720553020782234,0.5145057433623746,0.5510826024695081
921,998,-0.5050361309090731,-0.2615786603176089,0.41336359647937737
922,991,0.6237655433771815,1.8893118271540628,0.7576611114547042
923,985,-0.5050361309090731,-0.6535404803580047,0.344504093484312
924,998,0.2132922072730889,-0.3879863472806365,0.27564459048924667
925,930,0.008055539221042636,3.7929397331502517,3.1677437162819917
926,926,-0.14587196181799206,1.0093575411633744,0.41336359647937737
927,998,-0.7615819659741309,0.5128725691122064,0.06906608150405057
928,991,0.5211472093511583,-0.13059808545411,1.0330991234349656
929,998,0.2132922072730889,-0.18514610540973175,0.13792558449911593
930,930,-0.0945627948049805,-1.6327917607589268,-2.4098760263183023
931,991,1.7012580506504245,1.2399617452871405,0.5510826024695081
932,977,-0.6589636319481077,-0.23250815866461289,-0.5506694454515377
933,998,-1.4799103041562929,-0.6443947045570622,-1.4458429843873875
934,998,1.3420938815593435,-0.6254498832551096,0.344504093484312
935,976,-1.325982803117258,-0.5411780919464245,-0.7572479544367338
936,998,-1.0181278010391888,0.19799657367975512,0.5510826024695081
937,999,1.1881663805203087,-1.1794225889122023,-0.41295043946140697
938,998,0.5211472093511583,-0.7446716035173967,-1.7212809963676488
939,998,0.9829297124682624,-0.19755822971101095,-1.376983481392322
940,985,0.3672197083121236,-1.089598005152945,-0.5506694454515377
941,991,1.752567217663436,-0.09532152165047438,0.7576611114547042
942,998,1.3420938815593435,0.30839915299113324,0.5510826024695081
943,943,-0.2484902958440152,-0.6806511729107987,-0.8261074574317991
944,998,-0.14587196181799206,-0.4186900231838009,0.27564459048924667
945,994,1.034238879481274,0.855512526797519,0.5510826024695081
946,946,-0.7102727989611193,-0.5238664448946404,-1.927859505352845
947,949,-1.6338378051953275,0.44133953695483413,0.20678508749418129
948,948,-1.2746736361042466,-0.34781026072649596,-0.20637193047621089
949,949,-1.2746736361042466,-0.15248262040636543,-0.8949669604268645
950,998,1.2394755475333203,1.4163445643053185,0.7576611114547042
951,994,1.4447122155853664,0.09347342166898291,-1.0326859664169952
952,998,-0.5563452979220846,0.733351092884929,1.101958626430031
953,953,-0.14587196181799206,-0.031301091043876406,0.6199421054645735
954,976,1.5986397166244013,-0.21519651161282874,0.7576611114547042
955,957,-0.9668186340261772,-0.5643691662988146,-1.5835619903775182
956,998,0.11067387324706578,-0.14007049610508623,-0.13751242748114553
957,957,-1.6338378051953275,-0.16130176135727434,-0.8949669604268645
958,998,1.034238879481274,0.8097836477928062,0.06906608150405057
959,994,-1.325982803117258,-0.7214805291650066,-1.9967190083479103
960,985,-0.2484902958440152,0.9750608819098397,0.48222309947444275
961,998,-0.7615819659741309,0.08400101101800668,-1.170404972407126
962,998,-1.223364469091235,0.1705592462769274,1.1708181294250963
963,998,0.5211472093511583,-0.6679124137594858,-1.170404972407126
964,998,-0.2997994628570268,0.914633434653612,0.48222309947444275
965,968,0.16198304026007734,0.5177720918627113,0.5510826024695081
966,991,1.2907847145463318,0.4380731884544975,-0.8261074574317991
967,998,0.6237655433771815,1.0701116232696357,1.5839751473954886
968,968,-1.120746135065212,-0.44122782783612363,0.344504093484312
969,998,-1.223364469091235,1.898784237805039,1.5839751473954886
970,992,1.393403048572355,-0.05122581689592986,0.5510826024695081
971,998,-1.0181278010391888,1.5058425132145423,1.101958626430031
972,994,-1.325982803117258,0.9054876588526695,1.7216941533856192
973,998,0.5724563763641699,-1.1657039252107884,-1.4458429843873875
974,998,-1.3772919701302697,-1.1317339008072875,-0.8261074574317991
975,988,-1.0694369680522002,-1.1692969085611589,-0.8949669604268645
976,976,-0.2997994628570268,0.6879488487302499,0.6199421054645735
977,977,1.6499488836374128,0.36360044264682234,-0.20637193047621089
978,991,1.0855480464942855,0.14900134617470565,1.3773966384102925
979,998,-1.1720553020782234,1.7305672900377025,0.8953801174448349
980,988,-0.7615819659741309,-0.8936170951327471,-0.48180994245647235
981,998,0.2646013742861005,-0.9811552349417688,0.06906608150405057
982,994,0.3672197083121236,1.0256892836650575,0.6199421054645735
983,991,0.41852887532513516,-0.33147851822481283,-1.3081239783972567
984,984,-1.582528638182316,0.4887015902097153,-0.13751242748114553
985,985,0.008055539221042636,0.8528994479972497,1.6528346503905538
986,998,-0.6589636319481077,-0.45886610973794145,-0.619528948446603
987,998,-1.223364469091235,0.4602843582567866,1.3773966384102925
988,988,-0.6589636319481077,0.11731776572144031,-0.8261074574317991
989,998,0.7263838774032045,2.1235090146281994,0.344504093484312
990,994,-0.9668186340261772,2.2773540289940546,1.6528346503905538
991,991,0.3672197083121236,1.716521991486255,2.3414296803412076
992,992,-1.4799103041562929,0.21792129953180855,0.48222309947444275
993,998,0.8803113784422393,-0.47323804313942264,-0.41295043946140697
994,994,1.3420938815593435,-0.12341211875336941,0.27564459048924667
995,999,-1.5312194711693043,0.26593662248675703,-0.13751242748114553
996,998,1.2907847145463318,0.7444566777860735,0.7576611114547042
997,998,-1.4799103041562929,-0.18416620085963076,-0.8949669604268645
998,998,0.31591054129911206,-0.408890977682791,0.41336359647937737
999,999,0.41852887532513516,1.293856495542695,0.48222309947444275
